PH,Soil_moisture,Soil_type,Temperature,Flowers
5.95,65,Loamy,20,Rose
6.76,68,Loamy,25,Rose
6.2,57,Loamy,20,Rose
6.08,62,Loamy,23,Rose
5.8,60,Loamy,20,Rose
6.55,70,Loamy,22,Rose
6.12,62,Loamy,22,Rose
6.16,51,Loamy,22,Rose
6.48,52,Loamy,22,Rose
5.78,72,Loamy,24,Rose
5.96,75,Loamy,21,Rose
6.93,72,Loamy,23,Rose
5.96,75,Loamy,25,Rose
6.37,52,Loamy,22,Rose
6.73,53,Loamy,22,Rose
6.96,74,Loamy,25,Rose
6.44,50,Loamy,23,Rose
5.71,62,Loamy,19,Rose
6.95,75,Loamy,19,Rose
6.76,55,Loamy,19,Rose
5.99,68,Loamy,20,Rose
6.68,51,Loamy,23,Rose
5.64,70,Loamy,22,Rose
6.66,63,Loamy,18,Rose
6.98,62,Loamy,22,Rose
6.59,70,Loamy,23,Rose
5.66,68,Loamy,24,Rose
6.3,63,Loamy,18,Rose
6.98,67,Loamy,20,Rose
6.98,55,Loamy,19,Rose
6.25,71,Loamy,25,Rose
6.86,65,Loamy,18,Rose
6.42,73,Loamy,18,Rose
6.13,54,Loamy,19,Rose
5.82,70,Loamy,19,Rose
6.94,59,Loamy,22,Rose
6.8,64,Loamy,21,Rose
6.11,60,Loamy,20,Rose
5.68,61,Loamy,25,Rose
5.85,52,Loamy,19,Rose
5.61,64,Loamy,22,Rose
6.87,75,Loamy,19,Rose
6.57,70,Loamy,23,Rose
5.87,66,Loamy,22,Rose
6.76,57,Loamy,19,Rose
6.52,59,Loamy,24,Rose
6.1,67,Loamy,21,Rose
6.29,73,Loamy,20,Rose
6.98,74,Loamy,21,Rose
6.95,63,Loamy,20,Rose
6.9,52,Loamy,23,Rose
6.92,72,Loamy,22,Rose
6.01,50,Loamy,18,Rose
6.78,50,Loamy,18,Rose
6.36,58,Loamy,19,Rose
6,57,Loamy,25,Rose
6.78,65,Loamy,23,Rose
5.69,58,Loamy,23,Rose
6.25,73,Loamy,24,Rose
6.64,74,Loamy,20,Rose
6.75,73,Loamy,25,Rose
6.68,56,Loamy,23,Rose
6.05,74,Loamy,22,Rose
5.8,63,Loamy,22,Rose
6.57,54,Loamy,20,Rose
6.82,56,Loamy,22,Rose
6.17,58,Loamy,24,Rose
6.56,53,Loamy,22,Rose
5.64,57,Loamy,20,Rose
5.69,52,Loamy,22,Rose
5.65,66,Loamy,22,Rose
6.59,70,Loamy,21,Rose
6.39,52,Loamy,23,Rose
5.73,62,Loamy,22,Rose
6.4,55,Loamy,24,Rose
6.16,71,Loamy,21,Rose
6.28,52,Loamy,20,Rose
5.77,67,Loamy,25,Rose
6.64,62,Loamy,25,Rose
6.73,54,Loamy,24,Rose
5.73,54,Loamy,25,Rose
5.92,58,Loamy,19,Rose
5.99,61,Loamy,24,Rose
6.1,65,Loamy,21,Rose
5.99,62,Loamy,20,Rose
5.68,70,Loamy,22,Rose
5.88,67,Loamy,22,Rose
6.7,53,Loamy,23,Rose
6.22,50,Loamy,20,Rose
6.64,72,Loamy,25,Rose
6.07,63,Loamy,22,Rose
5.51,53,Loamy,20,Rose
5.75,69,Loamy,25,Rose
6.22,60,Loamy,19,Rose
6.17,60,Loamy,20,Rose
6.82,73,Loamy,21,Rose
6.08,71,Loamy,19,Rose
5.97,62,Loamy,19,Rose
6.24,70,Loamy,19,Rose
6.36,64,Loamy,19,Rose
6,70,Loamy,21,Rose
5.62,68,Loamy,21,Rose
5.63,70,Loamy,25,Rose
6.49,72,Loamy,24,Rose
6.4,50,Loamy,21,Rose
6.67,61,Loamy,23,Rose
6.68,73,Loamy,21,Rose
6.71,67,Loamy,18,Rose
5.98,66,Loamy,20,Rose
5.54,72,Loamy,24,Rose
6.46,74,Loamy,23,Rose
6.48,55,Loamy,25,Rose
6.31,51,Loamy,24,Rose
5.55,59,Loamy,20,Rose
6.99,63,Loamy,25,Rose
6.56,65,Loamy,22,Rose
6.91,50,Loamy,25,Rose
6.18,69,Loamy,24,Rose
5.99,65,Loamy,18,Rose
5.59,74,Loamy,19,Rose
6.26,65,Loamy,23,Rose
5.69,72,Loamy,18,Rose
6.99,61,Loamy,20,Rose
6.33,65,Loamy,20,Rose
6.63,72,Loamy,21,Rose
5.68,55,Loamy,20,Rose
6.97,60,Loamy,18,Rose
6.8,71,Loamy,23,Rose
5.67,58,Loamy,22,Rose
6.99,60,Loamy,20,Rose
6.95,74,Loamy,20,Rose
6.45,58,Loamy,19,Rose
5.64,70,Loamy,20,Rose
6.7,55,Loamy,22,Rose
5.62,70,Loamy,20,Rose
5.55,63,Loamy,21,Rose
6.04,61,Loamy,24,Rose
5.6,56,Loamy,25,Rose
5.87,74,Loamy,22,Rose
6.46,58,Loamy,21,Rose
6.78,56,Loamy,24,Rose
6.98,69,Loamy,24,Rose
5.63,53,Loamy,22,Rose
6.55,52,Loamy,18,Rose
5.61,71,Loamy,23,Rose
6.68,58,Loamy,20,Rose
6.88,53,Loamy,20,Rose
6.7,60,Loamy,24,Rose
6.29,53,Loamy,22,Rose
5.68,63,Loamy,18,Rose
5.77,71,Loamy,18,Rose
6.44,51,Loamy,18,Rose
6.13,51,Loamy,19,Rose
5.54,69,Loamy,21,Rose
6.9,68,Loamy,23,Rose
6.04,52,Loamy,23,Rose
6.03,62,Loamy,18,Rose
5.97,59,Loamy,24,Rose
6.04,67,Loamy,23,Rose
5.71,74,Loamy,19,Rose
6.34,54,Loamy,24,Rose
5.54,70,Loamy,21,Rose
5.84,66,Loamy,25,Rose
6.94,73,Loamy,25,Rose
5.86,68,Loamy,23,Rose
6.85,53,Loamy,23,Rose
6.13,72,Loamy,20,Rose
6.98,61,Loamy,20,Rose
6.82,61,Loamy,22,Rose
6.68,75,Loamy,20,Rose
6.58,75,Loamy,20,Rose
6.46,65,Loamy,21,Rose
6.93,74,Loamy,21,Rose
6.25,68,Loamy,19,Rose
6.79,54,Loamy,18,Rose
6.26,61,Loamy,25,Rose
5.69,69,Loamy,20,Rose
5.84,70,Loamy,19,Rose
5.93,73,Loamy,18,Rose
6.44,51,Loamy,25,Rose
5.87,68,Loamy,23,Rose
5.72,57,Loamy,22,Rose
5.58,73,Loamy,18,Rose
5.94,75,Loamy,21,Rose
6.41,70,Loamy,24,Rose
6.37,75,Loamy,18,Rose
5.57,67,Loamy,21,Rose
5.59,75,Loamy,18,Rose
5.96,67,Loamy,24,Rose
6.17,69,Loamy,18,Rose
5.63,56,Loamy,18,Rose
6.32,69,Loamy,19,Rose
5.58,69,Loamy,24,Rose
6.75,57,Loamy,24,Rose
6.52,59,Loamy,22,Rose
6.65,59,Loamy,22,Rose
6.71,56,Loamy,23,Rose
6.71,55,Loamy,22,Rose
5.98,57,Loamy,21,Rose
6.82,52,Loamy,18,Rose
5.8,55,Loamy,22,Rose
6.19,72,Loamy,19,Rose
6.18,61,Loamy,23,Rose
5.78,52,Loamy,22,Rose
6.74,73,Loamy,21,Rose
6.88,56,Loamy,24,Rose
6.58,73,Loamy,24,Rose
5.8,60,Loamy,20,Rose
6.62,51,Loamy,24,Rose
6.42,68,Loamy,23,Rose
6.76,75,Loamy,24,Rose
6.14,69,Loamy,20,Rose
6.42,62,Loamy,21,Rose
6.46,52,Loamy,21,Rose
6.97,75,Loamy,25,Rose
6,70,Loamy,24,Rose
6.88,55,Loamy,25,Rose
5.99,74,Loamy,22,Rose
5.87,57,Loamy,18,Rose
6.28,65,Loamy,25,Rose
6.97,66,Loamy,21,Rose
6.59,64,Loamy,18,Rose
5.51,54,Loamy,21,Rose
5.51,61,Loamy,18,Rose
5.65,65,Loamy,18,Rose
6.54,73,Loamy,18,Rose
5.6,75,Loamy,19,Rose
5.56,73,Loamy,22,Rose
6.42,55,Loamy,18,Rose
6.87,59,Loamy,23,Rose
6.1,67,Loamy,25,Rose
5.88,59,Loamy,19,Rose
6.17,65,Loamy,22,Rose
6.41,56,Loamy,19,Rose
6.01,59,Loamy,21,Rose
5.76,73,Loamy,20,Rose
6.19,58,Loamy,23,Rose
6.85,54,Loamy,24,Rose
6.3,60,Loamy,20,Rose
6.27,70,Loamy,18,Rose
6.25,55,Loamy,25,Rose
5.95,53,Loamy,22,Rose
5.7,62,Loamy,24,Rose
6.58,62,Loamy,23,Rose
6.75,69,Loamy,20,Rose
6.45,69,Loamy,19,Rose
6.2,52,Loamy,19,Rose
5.82,71,Loamy,23,Rose
5.89,55,Loamy,21,Rose
6.72,75,Loamy,21,Rose
6.39,55,Loamy,21,Rose
6.57,60,Loamy,22,Rose
6.76,55,Loamy,18,Rose
5.51,65,Loamy,21,Rose
6.98,58,Loamy,25,Rose
5.56,56,Loamy,24,Rose
6.26,61,Loamy,20,Rose
6.84,68,Loamy,20,Rose
6.52,73,Loamy,23,Rose
5.98,57,Loamy,22,Rose
6.46,56,Loamy,22,Rose
5.9,55,Loamy,20,Rose
6.21,63,Loamy,18,Rose
6.95,69,Loamy,19,Rose
5.88,66,Loamy,23,Rose
5.98,61,Loamy,24,Rose
6.02,74,Loamy,18,Rose
5.66,68,Loamy,25,Rose
5.57,62,Loamy,24,Rose
6.25,56,Loamy,20,Rose
5.98,63,Loamy,22,Rose
5.56,71,Loamy,20,Rose
6.7,52,Loamy,22,Rose
6.69,74,Loamy,19,Rose
6.42,54,Loamy,23,Rose
6.75,57,Loamy,20,Rose
6.32,55,Loamy,19,Rose
6.25,68,Loamy,19,Rose
6.95,66,Loamy,19,Rose
6.92,54,Loamy,24,Rose
6.72,53,Loamy,20,Rose
5.52,67,Loamy,18,Rose
6.18,61,Loamy,18,Rose
6.29,62,Loamy,21,Rose
5.87,56,Loamy,19,Rose
6.27,70,Loamy,18,Rose
6.21,63,Loamy,18,Rose
5.78,54,Loamy,25,Rose
7,63,Loamy,21,Rose
6.22,71,Loamy,19,Rose
5.58,63,Loamy,23,Rose
6.43,66,Loamy,23,Rose
6.8,51,Loamy,22,Rose
5.58,66,Loamy,21,Rose
6,68,Loamy,19,Rose
6.11,63,Loamy,18,Rose
6.03,56,Loamy,21,Rose
6.67,52,Loamy,19,Rose
6.79,53,Loamy,19,Rose
6.27,75,Loamy,25,Rose
6.01,67,Loamy,23,Rose
6.89,70,Loamy,24,Rose
6.65,60,Loamy,20,Rose
5.67,60,Loamy,23,Rose
6.49,57,Loamy,21,Rose
6.91,61,Loamy,22,Rose
5.64,69,Loamy,21,Rose
6.44,63,Loamy,24,Rose
5.87,57,Loamy,23,Rose
6.03,69,Loamy,22,Rose
6.48,57,Loamy,22,Rose
5.68,63,Loamy,25,Rose
6.09,64,Loamy,18,Rose
5.74,63,Loamy,20,Rose
5.78,70,Loamy,20,Rose
5.86,73,Loamy,18,Rose
6.12,63,Loamy,24,Rose
6.02,65,Loamy,18,Rose
6.1,61,Loamy,22,Rose
6.86,74,Loamy,19,Rose
6.22,56,Loamy,22,Rose
6.04,58,Loamy,23,Rose
5.91,60,Loamy,25,Rose
6.39,70,Loamy,18,Rose
5.5,70,Loamy,19,Rose
6.9,52,Loamy,21,Rose
6.97,70,Loamy,20,Rose
6.68,67,Loamy,19,Rose
5.86,52,Loamy,21,Rose
6.6,62,Loamy,19,Rose
5.62,52,Loamy,18,Rose
6.4,65,Loamy,24,Rose
5.57,52,Loamy,19,Rose
6.59,74,Loamy,19,Rose
5.61,61,Loamy,19,Rose
6.22,73,Loamy,25,Rose
6.82,68,Loamy,23,Rose
5.91,51,Loamy,20,Rose
6.71,72,Loamy,18,Rose
5.72,60,Loamy,20,Rose
6.23,52,Loamy,18,Rose
6.32,52,Loamy,23,Rose
6.95,57,Loamy,21,Rose
6.78,57,Loamy,20,Rose
5.82,62,Loamy,19,Rose
6.19,68,Loamy,19,Rose
6.37,58,Loamy,23,Rose
6.82,74,Loamy,21,Rose
6.52,56,Loamy,24,Rose
5.88,56,Loamy,21,Rose
5.74,73,Loamy,18,Rose
6.35,56,Loamy,22,Rose
5.83,52,Loamy,20,Rose
5.67,73,Loamy,24,Rose
5.93,71,Loamy,19,Rose
6.38,62,Loamy,24,Rose
5.52,60,Loamy,23,Rose
6.89,53,Loamy,24,Rose
6.46,60,Loamy,20,Rose
6.42,55,Loamy,18,Rose
6.64,70,Loamy,18,Rose
6.66,72,Loamy,19,Rose
6,70,Loamy,24,Rose
5.69,61,Loamy,23,Rose
6.6,50,Loamy,21,Rose
6.49,51,Loamy,19,Rose
5.86,57,Loamy,21,Rose
5.94,57,Loamy,23,Rose
6.64,52,Loamy,21,Rose
6.98,62,Loamy,22,Rose
6.32,51,Loamy,18,Rose
6.01,58,Loamy,21,Rose
6.7,63,Loamy,20,Rose
6.56,51,Loamy,20,Rose
6.13,60,Loamy,22,Rose
6.76,52,Loamy,25,Rose
6.04,60,Loamy,24,Rose
5.82,72,Loamy,23,Rose
6.05,67,Loamy,18,Rose
6.38,51,Loamy,19,Rose
5.75,68,Loamy,18,Rose
5.91,72,Loamy,25,Rose
6.92,75,Loamy,23,Rose
6.21,53,Loamy,21,Rose
6.82,74,Loamy,22,Rose
6.01,51,Loamy,24,Rose
5.7,65,Loamy,23,Rose
6.39,56,Loamy,25,Rose
5.56,60,Loamy,22,Rose
5.79,68,Loamy,20,Rose
6.33,50,Loamy,20,Rose
5.56,70,Loamy,20,Rose
6.31,58,Loamy,18,Rose
6.03,67,Loamy,22,Rose
6.69,55,Loamy,23,Rose
5.64,56,Loamy,19,Rose
6.71,54,Loamy,21,Rose
6.69,69,Loamy,23,Rose
5.89,60,Loamy,19,Rose
6.1,75,Loamy,20,Rose
5.83,56,Loamy,19,Rose
5.67,52,Loamy,25,Rose
6.11,65,Loamy,25,Rose
5.59,57,Loamy,23,Rose
6.43,64,Loamy,18,Rose
6.02,65,Loamy,23,Rose
5.81,72,Loamy,21,Rose
5.74,52,Loamy,19,Rose
6.73,55,Loamy,23,Rose
5.99,59,Loamy,21,Rose
6.38,69,Loamy,21,Rose
6.51,72,Loamy,20,Rose
5.89,62,Loamy,21,Rose
6.79,58,Loamy,24,Rose
6.63,50,Loamy,22,Rose
6.54,61,Loamy,24,Rose
5.93,75,Loamy,23,Rose
5.72,60,Loamy,21,Rose
5.79,58,Loamy,25,Rose
5.81,52,Loamy,18,Rose
5.84,69,Loamy,23,Rose
6.06,51,Loamy,18,Rose
6.15,71,Loamy,25,Rose
6.3,69,Loamy,25,Rose
6.27,53,Loamy,19,Rose
6.15,75,Loamy,19,Rose
6.58,59,Loamy,24,Rose
5.89,50,Loamy,19,Rose
5.51,68,Loamy,25,Rose
5.87,50,Loamy,24,Rose
5.89,74,Loamy,22,Rose
5.96,67,Loamy,25,Rose
5.52,70,Loamy,20,Rose
6.16,52,Loamy,19,Rose
6.16,70,Loamy,21,Rose
5.93,74,Loamy,19,Rose
6.21,71,Loamy,24,Rose
6.16,58,Loamy,19,Rose
6.31,67,Loamy,24,Rose
6.85,74,Loamy,25,Rose
7,55,Loamy,23,Rose
5.65,50,Loamy,25,Rose
5.82,59,Loamy,20,Rose
6.73,60,Loamy,24,Rose
6.69,73,Loamy,19,Rose
5.67,55,Loamy,18,Rose
6.07,59,Loamy,24,Rose
6.45,51,Loamy,19,Rose
5.93,61,Loamy,20,Rose
5.79,50,Loamy,25,Rose
5.71,64,Loamy,24,Rose
6.05,69,Loamy,18,Rose
6.84,71,Loamy,25,Rose
6.19,68,Loamy,24,Rose
5.55,67,Loamy,18,Rose
6.47,68,Loamy,20,Rose
6.28,63,Loamy,19,Rose
6.3,69,Loamy,20,Rose
5.91,66,Loamy,23,Rose
5.58,63,Loamy,20,Rose
5.86,59,Loamy,25,Rose
6.76,70,Loamy,25,Rose
6.45,69,Loamy,21,Rose
6.82,57,Loamy,21,Rose
6.15,71,Loamy,22,Rose
6.11,57,Loamy,24,Rose
6.16,61,Loamy,19,Rose
6.02,58,Loamy,23,Rose
6.2,74,Loamy,25,Rose
5.53,61,Loamy,20,Rose
6.27,74,Loamy,20,Rose
6.52,54,Loamy,19,Rose
5.57,51,Loamy,24,Rose
6.72,60,Loamy,19,Rose
5.92,71,Loamy,20,Rose
6.01,53,Loamy,19,Rose
5.88,68,Loamy,24,Rose
6.65,66,Loamy,25,Rose
6.3,54,Loamy,20,Rose
6.06,56,Loamy,19,Rose
6.92,72,Loamy,24,Rose
6,56,Loamy,19,Rose
6.24,61,Loamy,20,Rose
6.13,62,Loamy,21,Rose
5.88,66,Loamy,24,Rose
6.19,71,Loamy,18,Rose
6.56,57,Loamy,20,Rose
5.86,61,Loamy,19,Rose
6.73,56,Loamy,18,Rose
6.2,52,Loamy,19,Rose
5.56,56,Loamy,18,Rose
6.95,50,Loamy,21,Rose
5.55,51,Loamy,19,Rose
5.76,54,Loamy,25,Rose
6.91,55,Loamy,19,Rose
6.75,75,Loamy,21,Rose
6.04,67,Loamy,24,Rose
5.77,67,Loamy,22,Rose
6.03,73,Loamy,19,Rose
6.86,66,Loamy,22,Rose
6.45,39,Sandy Loamy,21,Lilies
6.34,28,Sandy Loamy,23,Lilies
6.43,29,Sandy Loamy,30,Lilies
5.81,38,Sandy Loamy,21,Lilies
6.18,37,Sandy Loamy,27,Lilies
6.39,34,Sandy Loamy,26,Lilies
6.07,31,Sandy Loamy,22,Lilies
6.19,22,Sandy Loamy,23,Lilies
5.62,26,Sandy Loamy,23,Lilies
5.94,32,Sandy Loamy,21,Lilies
5.64,24,Sandy Loamy,26,Lilies
5.91,29,Sandy Loamy,21,Lilies
5.97,39,Sandy Loamy,27,Lilies
6.33,21,Sandy Loamy,27,Lilies
6.38,23,Sandy Loamy,22,Lilies
5.81,26,Sandy Loamy,28,Lilies
6.47,28,Sandy Loamy,22,Lilies
5.74,30,Sandy Loamy,23,Lilies
6.13,36,Sandy Loamy,24,Lilies
5.64,29,Sandy Loamy,25,Lilies
6.11,29,Sandy Loamy,30,Lilies
5.83,22,Sandy Loamy,23,Lilies
6.16,33,Sandy Loamy,20,Lilies
6.47,37,Sandy Loamy,24,Lilies
6.46,38,Sandy Loamy,29,Lilies
6.31,31,Sandy Loamy,22,Lilies
6.2,32,Sandy Loamy,28,Lilies
5.65,37,Sandy Loamy,30,Lilies
6.22,30,Sandy Loamy,27,Lilies
6.27,37,Sandy Loamy,25,Lilies
6.14,39,Sandy Loamy,23,Lilies
5.91,39,Sandy Loamy,21,Lilies
6.32,36,Sandy Loamy,20,Lilies
5.94,27,Sandy Loamy,25,Lilies
6.07,37,Sandy Loamy,20,Lilies
5.59,40,Sandy Loamy,26,Lilies
6.24,37,Sandy Loamy,24,Lilies
5.69,37,Sandy Loamy,29,Lilies
6.01,32,Sandy Loamy,30,Lilies
5.78,25,Sandy Loamy,22,Lilies
6.08,36,Sandy Loamy,26,Lilies
6.01,40,Sandy Loamy,22,Lilies
5.63,37,Sandy Loamy,25,Lilies
6.17,34,Sandy Loamy,20,Lilies
5.96,21,Sandy Loamy,23,Lilies
5.62,29,Sandy Loamy,23,Lilies
5.95,38,Sandy Loamy,24,Lilies
6.24,32,Sandy Loamy,30,Lilies
6.44,21,Sandy Loamy,22,Lilies
5.95,24,Sandy Loamy,29,Lilies
6.27,32,Sandy Loamy,21,Lilies
6.34,34,Sandy Loamy,29,Lilies
6.34,33,Sandy Loamy,24,Lilies
5.58,33,Sandy Loamy,21,Lilies
5.61,35,Sandy Loamy,25,Lilies
6.17,31,Sandy Loamy,29,Lilies
5.73,27,Sandy Loamy,30,Lilies
6.14,23,Sandy Loamy,24,Lilies
5.91,40,Sandy Loamy,28,Lilies
5.98,25,Sandy Loamy,27,Lilies
6.06,40,Sandy Loamy,23,Lilies
6.18,27,Sandy Loamy,23,Lilies
5.93,23,Sandy Loamy,26,Lilies
6.19,31,Sandy Loamy,28,Lilies
6.41,28,Sandy Loamy,28,Lilies
5.96,35,Sandy Loamy,24,Lilies
6.33,24,Sandy Loamy,24,Lilies
5.68,33,Sandy Loamy,23,Lilies
6.28,35,Sandy Loamy,24,Lilies
5.77,37,Sandy Loamy,23,Lilies
5.8,21,Sandy Loamy,27,Lilies
6.37,37,Sandy Loamy,26,Lilies
5.88,31,Sandy Loamy,20,Lilies
6.38,37,Sandy Loamy,30,Lilies
5.68,32,Sandy Loamy,29,Lilies
5.86,35,Sandy Loamy,23,Lilies
6.49,27,Sandy Loamy,21,Lilies
6.46,23,Sandy Loamy,26,Lilies
6.49,39,Sandy Loamy,21,Lilies
5.84,31,Sandy Loamy,21,Lilies
6.39,26,Sandy Loamy,20,Lilies
6.26,31,Sandy Loamy,23,Lilies
5.71,31,Sandy Loamy,30,Lilies
5.63,40,Sandy Loamy,24,Lilies
6.13,35,Sandy Loamy,28,Lilies
6.33,38,Sandy Loamy,24,Lilies
5.52,25,Sandy Loamy,26,Lilies
6.12,36,Sandy Loamy,25,Lilies
5.78,32,Sandy Loamy,24,Lilies
6.36,37,Sandy Loamy,28,Lilies
5.78,36,Sandy Loamy,22,Lilies
5.5,26,Sandy Loamy,26,Lilies
5.71,38,Sandy Loamy,21,Lilies
6.46,30,Sandy Loamy,20,Lilies
5.87,23,Sandy Loamy,30,Lilies
6.46,38,Sandy Loamy,27,Lilies
5.63,31,Sandy Loamy,22,Lilies
5.91,40,Sandy Loamy,22,Lilies
6.05,27,Sandy Loamy,24,Lilies
5.51,39,Sandy Loamy,29,Lilies
5.74,31,Sandy Loamy,26,Lilies
6.08,26,Sandy Loamy,30,Lilies
6.01,35,Sandy Loamy,27,Lilies
6.1,26,Sandy Loamy,30,Lilies
5.74,23,Sandy Loamy,21,Lilies
5.85,36,Sandy Loamy,20,Lilies
5.82,31,Sandy Loamy,30,Lilies
5.66,25,Sandy Loamy,23,Lilies
5.68,25,Sandy Loamy,29,Lilies
6.23,24,Sandy Loamy,24,Lilies
5.98,30,Sandy Loamy,23,Lilies
6.46,27,Sandy Loamy,24,Lilies
6.07,30,Sandy Loamy,26,Lilies
6.45,23,Sandy Loamy,21,Lilies
6.48,27,Sandy Loamy,21,Lilies
5.93,32,Sandy Loamy,28,Lilies
6.38,21,Sandy Loamy,29,Lilies
6.4,24,Sandy Loamy,24,Lilies
5.99,36,Sandy Loamy,24,Lilies
6.41,23,Sandy Loamy,25,Lilies
5.98,35,Sandy Loamy,29,Lilies
5.87,24,Sandy Loamy,20,Lilies
5.96,27,Sandy Loamy,27,Lilies
6.43,25,Sandy Loamy,30,Lilies
5.61,33,Sandy Loamy,21,Lilies
5.85,38,Sandy Loamy,26,Lilies
6.03,21,Sandy Loamy,29,Lilies
6.09,29,Sandy Loamy,24,Lilies
6.45,27,Sandy Loamy,27,Lilies
5.95,38,Sandy Loamy,25,Lilies
6.27,29,Sandy Loamy,24,Lilies
6.42,35,Sandy Loamy,20,Lilies
5.8,35,Sandy Loamy,27,Lilies
6.33,34,Sandy Loamy,22,Lilies
6.41,27,Sandy Loamy,25,Lilies
5.53,34,Sandy Loamy,29,Lilies
6.23,21,Sandy Loamy,28,Lilies
6.15,21,Sandy Loamy,26,Lilies
6.23,35,Sandy Loamy,22,Lilies
6.02,29,Sandy Loamy,25,Lilies
6.33,33,Sandy Loamy,26,Lilies
5.6,21,Sandy Loamy,27,Lilies
5.67,35,Sandy Loamy,30,Lilies
6.17,33,Sandy Loamy,25,Lilies
5.52,24,Sandy Loamy,30,Lilies
6.29,26,Sandy Loamy,30,Lilies
6.05,24,Sandy Loamy,29,Lilies
5.66,23,Sandy Loamy,20,Lilies
5.52,22,Sandy Loamy,29,Lilies
5.64,28,Sandy Loamy,30,Lilies
6.04,27,Sandy Loamy,21,Lilies
6.39,39,Sandy Loamy,29,Lilies
5.59,22,Sandy Loamy,30,Lilies
5.53,26,Sandy Loamy,20,Lilies
6.4,38,Sandy Loamy,23,Lilies
6.37,30,Sandy Loamy,24,Lilies
6.22,34,Sandy Loamy,23,Lilies
6.04,23,Sandy Loamy,25,Lilies
6.3,35,Sandy Loamy,24,Lilies
6.26,22,Sandy Loamy,29,Lilies
5.71,26,Sandy Loamy,22,Lilies
5.81,38,Sandy Loamy,30,Lilies
5.97,40,Sandy Loamy,26,Lilies
6.23,21,Sandy Loamy,22,Lilies
6.27,24,Sandy Loamy,20,Lilies
5.69,34,Sandy Loamy,25,Lilies
5.71,37,Sandy Loamy,20,Lilies
6.36,31,Sandy Loamy,20,Lilies
6.41,33,Sandy Loamy,30,Lilies
5.58,38,Sandy Loamy,21,Lilies
5.97,24,Sandy Loamy,27,Lilies
5.58,21,Sandy Loamy,23,Lilies
5.87,23,Sandy Loamy,25,Lilies
6.21,31,Sandy Loamy,23,Lilies
5.99,27,Sandy Loamy,25,Lilies
6.27,35,Sandy Loamy,24,Lilies
6.24,27,Sandy Loamy,30,Lilies
5.53,40,Sandy Loamy,25,Lilies
6.45,32,Sandy Loamy,30,Lilies
6.31,28,Sandy Loamy,23,Lilies
6.45,38,Sandy Loamy,22,Lilies
5.67,26,Sandy Loamy,22,Lilies
5.84,27,Sandy Loamy,26,Lilies
6.42,24,Sandy Loamy,20,Lilies
5.94,37,Sandy Loamy,21,Lilies
5.92,21,Sandy Loamy,27,Lilies
5.67,27,Sandy Loamy,24,Lilies
6.22,37,Sandy Loamy,26,Lilies
5.73,36,Sandy Loamy,26,Lilies
6.33,38,Sandy Loamy,27,Lilies
6.1,40,Sandy Loamy,29,Lilies
5.9,39,Sandy Loamy,26,Lilies
6.07,26,Sandy Loamy,25,Lilies
6.5,21,Sandy Loamy,23,Lilies
5.53,28,Sandy Loamy,23,Lilies
5.94,31,Sandy Loamy,29,Lilies
6.07,23,Sandy Loamy,22,Lilies
6.13,33,Sandy Loamy,22,Lilies
6.04,25,Sandy Loamy,25,Lilies
6.47,21,Sandy Loamy,22,Lilies
5.96,34,Sandy Loamy,24,Lilies
6.16,27,Sandy Loamy,20,Lilies
6.2,31,Sandy Loamy,23,Lilies
6.09,40,Sandy Loamy,29,Lilies
5.65,26,Sandy Loamy,29,Lilies
6.13,27,Sandy Loamy,23,Lilies
6.42,22,Sandy Loamy,24,Lilies
6.22,35,Sandy Loamy,29,Lilies
5.6,30,Sandy Loamy,28,Lilies
6.4,30,Sandy Loamy,28,Lilies
5.77,22,Sandy Loamy,28,Lilies
6.48,36,Sandy Loamy,29,Lilies
5.63,39,Sandy Loamy,24,Lilies
6.05,22,Sandy Loamy,21,Lilies
6.42,25,Sandy Loamy,22,Lilies
5.56,33,Sandy Loamy,28,Lilies
5.69,24,Sandy Loamy,25,Lilies
6.47,38,Sandy Loamy,23,Lilies
5.81,25,Sandy Loamy,25,Lilies
6.42,23,Sandy Loamy,21,Lilies
5.86,32,Sandy Loamy,28,Lilies
5.84,23,Sandy Loamy,21,Lilies
6.07,28,Sandy Loamy,23,Lilies
5.55,34,Sandy Loamy,27,Lilies
6.13,25,Sandy Loamy,21,Lilies
5.66,26,Sandy Loamy,26,Lilies
6.33,27,Sandy Loamy,28,Lilies
6.22,23,Sandy Loamy,24,Lilies
6.11,40,Sandy Loamy,27,Lilies
5.96,34,Sandy Loamy,29,Lilies
6.27,30,Sandy Loamy,23,Lilies
5.73,38,Sandy Loamy,27,Lilies
5.68,30,Sandy Loamy,22,Lilies
5.72,36,Sandy Loamy,30,Lilies
6.12,38,Sandy Loamy,30,Lilies
6.38,37,Sandy Loamy,22,Lilies
5.54,31,Sandy Loamy,25,Lilies
6.16,31,Sandy Loamy,30,Lilies
6.13,23,Sandy Loamy,29,Lilies
6.29,34,Sandy Loamy,30,Lilies
6.18,25,Sandy Loamy,21,Lilies
5.69,40,Sandy Loamy,29,Lilies
6.4,39,Sandy Loamy,23,Lilies
6.49,33,Sandy Loamy,26,Lilies
5.62,38,Sandy Loamy,21,Lilies
5.79,24,Sandy Loamy,20,Lilies
5.78,21,Sandy Loamy,30,Lilies
5.92,39,Sandy Loamy,25,Lilies
5.8,34,Sandy Loamy,28,Lilies
5.64,21,Sandy Loamy,26,Lilies
6.28,26,Sandy Loamy,22,Lilies
6.29,21,Sandy Loamy,26,Lilies
5.89,29,Sandy Loamy,22,Lilies
5.86,23,Sandy Loamy,30,Lilies
6.41,26,Sandy Loamy,25,Lilies
5.57,39,Sandy Loamy,25,Lilies
5.94,22,Sandy Loamy,27,Lilies
5.97,25,Sandy Loamy,25,Lilies
5.82,28,Sandy Loamy,21,Lilies
5.58,23,Sandy Loamy,28,Lilies
6,35,Sandy Loamy,22,Lilies
5.98,25,Sandy Loamy,29,Lilies
5.71,34,Sandy Loamy,20,Lilies
6.39,39,Sandy Loamy,23,Lilies
5.64,24,Sandy Loamy,26,Lilies
6.49,25,Sandy Loamy,24,Lilies
6.07,27,Sandy Loamy,23,Lilies
6.02,37,Sandy Loamy,25,Lilies
6.27,29,Sandy Loamy,20,Lilies
6.38,22,Sandy Loamy,29,Lilies
5.5,25,Sandy Loamy,23,Lilies
5.69,35,Sandy Loamy,20,Lilies
5.83,21,Sandy Loamy,23,Lilies
6.04,33,Sandy Loamy,23,Lilies
5.69,32,Sandy Loamy,24,Lilies
6.31,37,Sandy Loamy,29,Lilies
6.31,23,Sandy Loamy,28,Lilies
5.8,31,Sandy Loamy,20,Lilies
5.88,39,Sandy Loamy,23,Lilies
6.24,33,Sandy Loamy,30,Lilies
5.62,27,Sandy Loamy,27,Lilies
5.67,21,Sandy Loamy,30,Lilies
6.35,38,Sandy Loamy,24,Lilies
5.65,37,Sandy Loamy,30,Lilies
5.79,30,Sandy Loamy,21,Lilies
5.73,38,Sandy Loamy,21,Lilies
6.49,35,Sandy Loamy,24,Lilies
6.48,22,Sandy Loamy,25,Lilies
6.47,23,Sandy Loamy,21,Lilies
5.59,31,Sandy Loamy,22,Lilies
5.94,27,Sandy Loamy,22,Lilies
6.08,40,Sandy Loamy,25,Lilies
5.65,29,Sandy Loamy,25,Lilies
6.12,31,Sandy Loamy,27,Lilies
5.9,28,Sandy Loamy,23,Lilies
5.82,31,Sandy Loamy,22,Lilies
5.79,21,Sandy Loamy,25,Lilies
5.82,37,Sandy Loamy,23,Lilies
5.75,35,Sandy Loamy,28,Lilies
6,22,Sandy Loamy,28,Lilies
5.7,27,Sandy Loamy,22,Lilies
6.3,39,Sandy Loamy,29,Lilies
5.52,35,Sandy Loamy,26,Lilies
6.34,28,Sandy Loamy,29,Lilies
6.05,38,Sandy Loamy,29,Lilies
5.71,32,Sandy Loamy,30,Lilies
6.38,21,Sandy Loamy,30,Lilies
5.51,31,Sandy Loamy,23,Lilies
6.04,38,Sandy Loamy,21,Lilies
6.24,33,Sandy Loamy,20,Lilies
5.59,30,Sandy Loamy,21,Lilies
5.79,28,Sandy Loamy,22,Lilies
6.45,26,Sandy Loamy,29,Lilies
6.27,23,Sandy Loamy,27,Lilies
6.07,21,Sandy Loamy,22,Lilies
6.16,33,Sandy Loamy,25,Lilies
5.83,28,Sandy Loamy,28,Lilies
5.83,21,Sandy Loamy,20,Lilies
5.72,39,Sandy Loamy,23,Lilies
5.95,36,Sandy Loamy,28,Lilies
5.88,27,Sandy Loamy,22,Lilies
6.26,26,Sandy Loamy,27,Lilies
5.94,38,Sandy Loamy,28,Lilies
6.23,33,Sandy Loamy,29,Lilies
6.35,36,Sandy Loamy,24,Lilies
6.39,39,Sandy Loamy,30,Lilies
6.13,35,Sandy Loamy,25,Lilies
5.53,35,Sandy Loamy,22,Lilies
5.69,25,Sandy Loamy,24,Lilies
6.32,29,Sandy Loamy,25,Lilies
6.32,34,Sandy Loamy,29,Lilies
6.09,32,Sandy Loamy,29,Lilies
6.35,37,Sandy Loamy,26,Lilies
5.66,37,Sandy Loamy,30,Lilies
6.42,24,Sandy Loamy,29,Lilies
5.94,37,Sandy Loamy,26,Lilies
5.56,30,Sandy Loamy,28,Lilies
6.11,34,Sandy Loamy,27,Lilies
6.32,26,Sandy Loamy,28,Lilies
6.41,36,Sandy Loamy,29,Lilies
5.63,24,Sandy Loamy,28,Lilies
5.89,32,Sandy Loamy,29,Lilies
6.12,36,Sandy Loamy,22,Lilies
6.49,27,Sandy Loamy,28,Lilies
5.79,26,Sandy Loamy,23,Lilies
6.31,35,Sandy Loamy,28,Lilies
6.21,22,Sandy Loamy,22,Lilies
6.17,26,Sandy Loamy,26,Lilies
6.28,22,Sandy Loamy,24,Lilies
6.23,36,Sandy Loamy,22,Lilies
6.13,22,Sandy Loamy,30,Lilies
5.89,32,Sandy Loamy,27,Lilies
5.59,36,Sandy Loamy,21,Lilies
6.05,38,Sandy Loamy,26,Lilies
6.46,32,Sandy Loamy,28,Lilies
6.15,25,Sandy Loamy,23,Lilies
5.93,30,Sandy Loamy,28,Lilies
6.27,30,Sandy Loamy,24,Lilies
5.62,28,Sandy Loamy,23,Lilies
6.35,24,Sandy Loamy,23,Lilies
5.67,35,Sandy Loamy,23,Lilies
5.89,35,Sandy Loamy,29,Lilies
5.96,29,Sandy Loamy,20,Lilies
5.69,26,Sandy Loamy,22,Lilies
5.53,30,Sandy Loamy,23,Lilies
6.48,33,Sandy Loamy,25,Lilies
5.61,26,Sandy Loamy,28,Lilies
6.5,40,Sandy Loamy,25,Lilies
6.26,27,Sandy Loamy,22,Lilies
6,35,Sandy Loamy,20,Lilies
6.14,27,Sandy Loamy,22,Lilies
5.88,27,Sandy Loamy,24,Lilies
6.04,32,Sandy Loamy,24,Lilies
5.73,36,Sandy Loamy,28,Lilies
5.7,27,Sandy Loamy,22,Lilies
5.52,31,Sandy Loamy,24,Lilies
5.76,21,Sandy Loamy,27,Lilies
6.09,39,Sandy Loamy,20,Lilies
5.96,28,Sandy Loamy,20,Lilies
5.78,37,Sandy Loamy,21,Lilies
6.3,27,Sandy Loamy,26,Lilies
6.39,38,Sandy Loamy,22,Lilies
6.35,37,Sandy Loamy,30,Lilies
6.01,31,Sandy Loamy,26,Lilies
5.7,30,Sandy Loamy,24,Lilies
5.59,39,Sandy Loamy,23,Lilies
5.69,24,Sandy Loamy,30,Lilies
6.47,36,Sandy Loamy,23,Lilies
5.74,23,Sandy Loamy,29,Lilies
5.82,29,Sandy Loamy,21,Lilies
5.61,33,Sandy Loamy,30,Lilies
5.66,36,Sandy Loamy,24,Lilies
5.95,24,Sandy Loamy,30,Lilies
5.72,23,Sandy Loamy,25,Lilies
6.32,32,Sandy Loamy,26,Lilies
6.42,28,Sandy Loamy,27,Lilies
6.35,23,Sandy Loamy,21,Lilies
5.77,23,Sandy Loamy,28,Lilies
5.95,23,Sandy Loamy,21,Lilies
5.84,24,Sandy Loamy,26,Lilies
5.66,28,Sandy Loamy,21,Lilies
5.75,28,Sandy Loamy,21,Lilies
6.45,36,Sandy Loamy,23,Lilies
5.7,26,Sandy Loamy,22,Lilies
6.1,36,Sandy Loamy,24,Lilies
5.88,21,Sandy Loamy,21,Lilies
5.86,30,Sandy Loamy,26,Lilies
6.31,22,Sandy Loamy,27,Lilies
6.32,22,Sandy Loamy,20,Lilies
6.34,40,Sandy Loamy,23,Lilies
5.8,27,Sandy Loamy,29,Lilies
6.01,26,Sandy Loamy,22,Lilies
5.84,37,Sandy Loamy,20,Lilies
6.03,37,Sandy Loamy,26,Lilies
6.33,30,Sandy Loamy,20,Lilies
5.83,38,Sandy Loamy,28,Lilies
6.44,26,Sandy Loamy,25,Lilies
5.98,23,Sandy Loamy,24,Lilies
6.22,24,Sandy Loamy,28,Lilies
5.88,38,Sandy Loamy,24,Lilies
6.08,34,Sandy Loamy,24,Lilies
6.04,39,Sandy Loamy,21,Lilies
6.09,27,Sandy Loamy,21,Lilies
6.01,36,Sandy Loamy,27,Lilies
6.42,29,Sandy Loamy,23,Lilies
6.39,23,Sandy Loamy,30,Lilies
5.87,22,Sandy Loamy,30,Lilies
6.05,24,Sandy Loamy,28,Lilies
5.67,30,Sandy Loamy,30,Lilies
6.39,32,Sandy Loamy,24,Lilies
5.72,24,Sandy Loamy,26,Lilies
5.63,22,Sandy Loamy,28,Lilies
6.31,39,Sandy Loamy,26,Lilies
6.13,36,Sandy Loamy,21,Lilies
5.87,24,Sandy Loamy,20,Lilies
6.31,31,Sandy Loamy,27,Lilies
6.48,27,Sandy Loamy,26,Lilies
5.6,31,Sandy Loamy,24,Lilies
5.65,23,Sandy Loamy,28,Lilies
5.6,22,Sandy Loamy,30,Lilies
5.83,28,Sandy Loamy,20,Lilies
6.1,31,Sandy Loamy,29,Lilies
5.88,39,Sandy Loamy,25,Lilies
6.11,39,Sandy Loamy,29,Lilies
6.1,38,Sandy Loamy,28,Lilies
5.68,31,Sandy Loamy,25,Lilies
6.24,33,Sandy Loamy,23,Lilies
6.05,21,Sandy Loamy,26,Lilies
5.68,33,Sandy Loamy,25,Lilies
6.2,23,Sandy Loamy,24,Lilies
6.02,26,Sandy Loamy,25,Lilies
6.27,28,Sandy Loamy,28,Lilies
5.86,21,Sandy Loamy,26,Lilies
5.9,30,Sandy Loamy,25,Lilies
5.57,23,Sandy Loamy,24,Lilies
6.24,34,Sandy Loamy,21,Lilies
6.06,38,Sandy Loamy,20,Lilies
5.87,30,Sandy Loamy,25,Lilies
6.05,32,Sandy Loamy,22,Lilies
5.65,38,Sandy Loamy,26,Lilies
6.12,33,Sandy Loamy,27,Lilies
5.92,26,Sandy Loamy,29,Lilies
5.65,31,Sandy Loamy,20,Lilies
5.89,21,Sandy Loamy,30,Lilies
5.62,27,Sandy Loamy,28,Lilies
6.34,22,Sandy Loamy,27,Lilies
6.06,38,Sandy Loamy,26,Lilies
6.36,40,Sandy Loamy,22,Lilies
5.59,22,Sandy Loamy,23,Lilies
5.55,24,Sandy Loamy,25,Lilies
5.54,32,Sandy Loamy,23,Lilies
6.25,22,Sandy Loamy,28,Lilies
5.91,23,Sandy Loamy,29,Lilies
5.7,27,Sandy Loamy,25,Lilies
5.88,22,Sandy Loamy,28,Lilies
5.67,26,Sandy Loamy,20,Lilies
6.18,40,Sandy Loamy,22,Lilies
5.96,21,Sandy Loamy,23,Lilies
5.85,33,Sandy Loamy,23,Lilies
5.99,31,Sandy Loamy,22,Lilies
5.71,24,Sandy Loamy,30,Lilies
5.53,29,Sandy Loamy,22,Lilies
6.1,38,Sandy Loamy,28,Lilies
6.1,31,Sandy Loamy,20,Lilies
5.51,36,Sandy Loamy,28,Lilies
5.95,39,Sandy Loamy,30,Lilies
6.47,38,Sandy Loamy,25,Lilies
5.88,33,Sandy Loamy,25,Lilies
6.22,23,Sandy Loamy,30,Lilies
6.13,22,Sandy Loamy,28,Lilies
6.05,32,Sandy Loamy,22,Lilies
6.36,29,Sandy Loamy,26,Lilies
5.97,30,Sandy Loamy,26,Lilies
6.15,38,Sandy Loamy,26,Lilies
6.12,29,Sandy Loamy,25,Lilies
5.99,23,Sandy Loamy,23,Lilies
6.3,24,Sandy Loamy,28,Lilies
5.85,22,Sandy Loamy,28,Lilies
5.92,31,Sandy Loamy,24,Lilies
5.89,31,Sandy Loamy,23,Lilies
6.42,13,Dry,10,Cactus
5.2,11,Dry,13,Cactus
5.09,4,Dry,12,Cactus
5.89,5,Dry,11,Cactus
5.79,0,Dry,15,Cactus
6.29,17,Dry,14,Cactus
5.19,10,Dry,13,Cactus
5.66,7,Dry,14,Cactus
6.26,16,Dry,14,Cactus
5.15,15,Dry,11,Cactus
5.27,2,Dry,13,Cactus
5.86,7,Dry,11,Cactus
6.4,6,Dry,13,Cactus
5.16,4,Dry,12,Cactus
5.53,2,Dry,15,Cactus
5.22,2,Dry,15,Cactus
5.47,20,Dry,11,Cactus
6.45,19,Dry,10,Cactus
5.62,13,Dry,10,Cactus
5.64,10,Dry,12,Cactus
5.29,7,Dry,14,Cactus
6.14,17,Dry,12,Cactus
6,1,Dry,15,Cactus
6.08,15,Dry,12,Cactus
5.94,10,Dry,15,Cactus
6.41,1,Dry,11,Cactus
5.4,15,Dry,11,Cactus
5.09,4,Dry,15,Cactus
5.2,18,Dry,14,Cactus
5.51,7,Dry,14,Cactus
5.1,0,Dry,11,Cactus
6.07,5,Dry,13,Cactus
5.15,16,Dry,13,Cactus
5.88,12,Dry,14,Cactus
6.11,14,Dry,13,Cactus
5.31,2,Dry,10,Cactus
5.33,5,Dry,15,Cactus
6.18,12,Dry,15,Cactus
5.79,4,Dry,10,Cactus
6.07,7,Dry,12,Cactus
5.08,6,Dry,14,Cactus
6.17,9,Dry,12,Cactus
5.2,16,Dry,14,Cactus
6.01,12,Dry,13,Cactus
6.49,13,Dry,10,Cactus
6.27,18,Dry,12,Cactus
5.43,1,Dry,10,Cactus
5.19,4,Dry,11,Cactus
5.03,13,Dry,11,Cactus
6.35,2,Dry,11,Cactus
5.69,20,Dry,11,Cactus
5.93,15,Dry,14,Cactus
5.52,2,Dry,13,Cactus
6.49,6,Dry,13,Cactus
5.46,16,Dry,15,Cactus
5.05,3,Dry,13,Cactus
5.56,2,Dry,15,Cactus
5.7,2,Dry,11,Cactus
5.43,6,Dry,15,Cactus
6.01,7,Dry,14,Cactus
5.38,18,Dry,13,Cactus
6.26,10,Dry,15,Cactus
6.5,15,Dry,15,Cactus
5.42,12,Dry,13,Cactus
6.09,5,Dry,13,Cactus
6.04,18,Dry,14,Cactus
5.54,16,Dry,12,Cactus
6.49,6,Dry,13,Cactus
5.11,5,Dry,11,Cactus
6.4,3,Dry,11,Cactus
6.3,17,Dry,12,Cactus
5.3,20,Dry,13,Cactus
5.49,0,Dry,15,Cactus
5.23,17,Dry,13,Cactus
5.53,13,Dry,14,Cactus
5.43,4,Dry,13,Cactus
6.11,3,Dry,15,Cactus
6.03,7,Dry,11,Cactus
5.18,17,Dry,13,Cactus
5.89,7,Dry,11,Cactus
5.96,6,Dry,10,Cactus
6.12,17,Dry,10,Cactus
5.73,6,Dry,12,Cactus
6.24,1,Dry,14,Cactus
6.06,19,Dry,14,Cactus
6.39,18,Dry,13,Cactus
5.77,15,Dry,11,Cactus
6.16,17,Dry,14,Cactus
5.81,19,Dry,13,Cactus
6,2,Dry,12,Cactus
5.28,14,Dry,15,Cactus
6.25,12,Dry,10,Cactus
5.69,8,Dry,10,Cactus
6.35,11,Dry,10,Cactus
6.29,7,Dry,12,Cactus
5.13,20,Dry,14,Cactus
5.86,18,Dry,12,Cactus
5.44,1,Dry,14,Cactus
5.45,10,Dry,10,Cactus
5.88,13,Dry,10,Cactus
5.26,7,Dry,14,Cactus
6.09,16,Dry,14,Cactus
5.05,5,Dry,10,Cactus
5.38,9,Dry,11,Cactus
6.08,16,Dry,12,Cactus
5.69,11,Dry,10,Cactus
5,7,Dry,11,Cactus
6.09,20,Dry,15,Cactus
6.33,12,Dry,15,Cactus
6.04,4,Dry,11,Cactus
5.61,13,Dry,11,Cactus
6.21,11,Dry,14,Cactus
5.7,15,Dry,11,Cactus
5.04,8,Dry,10,Cactus
6.34,2,Dry,13,Cactus
5.06,6,Dry,13,Cactus
6.42,1,Dry,15,Cactus
5.42,17,Dry,10,Cactus
6.39,1,Dry,11,Cactus
5.33,18,Dry,14,Cactus
6.41,14,Dry,15,Cactus
6.2,8,Dry,12,Cactus
5.02,10,Dry,11,Cactus
5.96,8,Dry,15,Cactus
5.43,9,Dry,12,Cactus
6.34,8,Dry,10,Cactus
6.33,3,Dry,10,Cactus
5.75,20,Dry,14,Cactus
5.71,6,Dry,14,Cactus
6.06,1,Dry,11,Cactus
5.23,4,Dry,11,Cactus
5.54,5,Dry,12,Cactus
5.18,16,Dry,10,Cactus
6.27,18,Dry,10,Cactus
6.2,7,Dry,10,Cactus
5.09,14,Dry,10,Cactus
5.51,6,Dry,11,Cactus
5,7,Dry,11,Cactus
5.68,14,Dry,11,Cactus
5.93,11,Dry,13,Cactus
6.13,20,Dry,15,Cactus
5.02,4,Dry,15,Cactus
6.42,3,Dry,10,Cactus
6.43,18,Dry,11,Cactus
5.95,15,Dry,10,Cactus
5.95,1,Dry,12,Cactus
5.92,11,Dry,13,Cactus
6.13,7,Dry,10,Cactus
6.05,15,Dry,13,Cactus
5.22,9,Dry,15,Cactus
5.95,15,Dry,13,Cactus
6.26,17,Dry,10,Cactus
5.26,19,Dry,13,Cactus
6.02,7,Dry,12,Cactus
5.13,14,Dry,12,Cactus
6.23,18,Dry,11,Cactus
6.19,16,Dry,15,Cactus
6.18,0,Dry,12,Cactus
5.83,16,Dry,13,Cactus
5.04,11,Dry,15,Cactus
5.47,8,Dry,10,Cactus
6.4,6,Dry,14,Cactus
5.26,19,Dry,11,Cactus
5.37,13,Dry,11,Cactus
5.25,10,Dry,14,Cactus
5.39,4,Dry,11,Cactus
5.77,1,Dry,13,Cactus
6.4,18,Dry,10,Cactus
5.67,0,Dry,13,Cactus
5.65,6,Dry,14,Cactus
5.78,8,Dry,15,Cactus
5.65,12,Dry,14,Cactus
6.26,3,Dry,12,Cactus
6.35,11,Dry,11,Cactus
6.44,7,Dry,15,Cactus
5.62,11,Dry,12,Cactus
5.27,2,Dry,13,Cactus
6.43,11,Dry,15,Cactus
5.69,12,Dry,14,Cactus
6.06,7,Dry,11,Cactus
6.43,10,Dry,11,Cactus
6.18,11,Dry,10,Cactus
6.43,6,Dry,11,Cactus
5.01,18,Dry,15,Cactus
6.28,0,Dry,14,Cactus
5.02,10,Dry,15,Cactus
5.71,11,Dry,11,Cactus
6.13,7,Dry,11,Cactus
5.64,8,Dry,10,Cactus
5.32,17,Dry,11,Cactus
5.7,7,Dry,15,Cactus
6.11,1,Dry,15,Cactus
6.47,16,Dry,12,Cactus
6.21,13,Dry,15,Cactus
6.36,17,Dry,12,Cactus
5.14,8,Dry,13,Cactus
5.1,19,Dry,15,Cactus
5.21,20,Dry,10,Cactus
5.55,6,Dry,11,Cactus
5.13,15,Dry,10,Cactus
5.17,19,Dry,15,Cactus
5.54,3,Dry,13,Cactus
5.25,7,Dry,14,Cactus
5.84,5,Dry,14,Cactus
5.19,12,Dry,11,Cactus
5.66,12,Dry,11,Cactus
6.3,3,Dry,12,Cactus
6.15,4,Dry,12,Cactus
5.41,19,Dry,10,Cactus
5.78,12,Dry,10,Cactus
5.47,17,Dry,11,Cactus
6.17,16,Dry,11,Cactus
6.01,1,Dry,12,Cactus
5.74,20,Dry,10,Cactus
5.68,8,Dry,15,Cactus
6.05,10,Dry,13,Cactus
6.04,5,Dry,13,Cactus
5.72,8,Dry,11,Cactus
5.59,18,Dry,10,Cactus
6.05,0,Dry,13,Cactus
5.92,10,Dry,13,Cactus
6.17,6,Dry,10,Cactus
5.81,19,Dry,10,Cactus
6.03,6,Dry,13,Cactus
5.88,13,Dry,12,Cactus
6.42,18,Dry,10,Cactus
5.49,2,Dry,13,Cactus
5.2,12,Dry,14,Cactus
5.85,12,Dry,14,Cactus
5.8,5,Dry,14,Cactus
6.35,3,Dry,10,Cactus
5.99,2,Dry,15,Cactus
5.98,18,Dry,13,Cactus
5.63,19,Dry,10,Cactus
5.12,13,Dry,13,Cactus
5.66,10,Dry,14,Cactus
5.16,6,Dry,13,Cactus
5.31,18,Dry,14,Cactus
5.65,13,Dry,12,Cactus
5.18,19,Dry,12,Cactus
5.02,16,Dry,12,Cactus
5.06,14,Dry,14,Cactus
5.37,1,Dry,11,Cactus
6.21,10,Dry,14,Cactus
6.47,0,Dry,10,Cactus
5.78,15,Dry,11,Cactus
6.22,6,Dry,13,Cactus
6.02,17,Dry,12,Cactus
6.49,12,Dry,14,Cactus
5.63,19,Dry,12,Cactus
5.85,10,Dry,11,Cactus
6.42,8,Dry,13,Cactus
6.35,16,Dry,14,Cactus
6.4,5,Dry,10,Cactus
5.68,18,Dry,10,Cactus
5.33,8,Dry,15,Cactus
6.26,20,Dry,10,Cactus
6.23,18,Dry,14,Cactus
5.5,19,Dry,10,Cactus
5.92,1,Dry,10,Cactus
5.75,6,Dry,10,Cactus
5.68,15,Dry,15,Cactus
5.82,8,Dry,12,Cactus
5.82,7,Dry,11,Cactus
5.62,18,Dry,14,Cactus
5.91,14,Dry,12,Cactus
5.54,4,Dry,10,Cactus
5.38,17,Dry,12,Cactus
6.08,2,Dry,14,Cactus
5.55,13,Dry,15,Cactus
6.09,13,Dry,11,Cactus
6.23,13,Dry,11,Cactus
5.68,13,Dry,13,Cactus
5.48,4,Dry,15,Cactus
5.68,12,Dry,12,Cactus
5.27,0,Dry,11,Cactus
5.96,5,Dry,11,Cactus
5.16,11,Dry,12,Cactus
6.39,9,Dry,11,Cactus
5.75,14,Dry,12,Cactus
5.68,19,Dry,13,Cactus
5.38,2,Dry,10,Cactus
5.62,20,Dry,13,Cactus
6.33,11,Dry,10,Cactus
5.86,16,Dry,14,Cactus
5.43,8,Dry,10,Cactus
6.43,2,Dry,10,Cactus
5.1,18,Dry,14,Cactus
5.2,15,Dry,10,Cactus
5.9,11,Dry,10,Cactus
5.55,20,Dry,10,Cactus
6.17,5,Dry,12,Cactus
6.13,20,Dry,12,Cactus
6.18,7,Dry,14,Cactus
5.82,9,Dry,12,Cactus
6.08,19,Dry,11,Cactus
5.97,5,Dry,13,Cactus
6.19,10,Dry,12,Cactus
6.23,4,Dry,11,Cactus
6.31,4,Dry,13,Cactus
5.71,10,Dry,14,Cactus
5.2,20,Dry,11,Cactus
6.4,10,Dry,10,Cactus
5.81,6,Dry,13,Cactus
5.09,15,Dry,10,Cactus
6.46,17,Dry,15,Cactus
5.33,11,Dry,10,Cactus
6.4,5,Dry,12,Cactus
6.43,18,Dry,10,Cactus
6.35,20,Dry,14,Cactus
5.35,11,Dry,15,Cactus
5.39,4,Dry,10,Cactus
5.48,18,Dry,13,Cactus
6.06,1,Dry,13,Cactus
5.59,11,Dry,15,Cactus
5.39,13,Dry,11,Cactus
6.45,3,Dry,13,Cactus
5.91,15,Dry,14,Cactus
5.3,9,Dry,12,Cactus
5.35,6,Dry,13,Cactus
5.38,8,Dry,10,Cactus
5.98,7,Dry,10,Cactus
5.01,6,Dry,11,Cactus
5.79,8,Dry,12,Cactus
6.26,0,Dry,10,Cactus
5.41,13,Dry,11,Cactus
6.03,14,Dry,13,Cactus
6.36,12,Dry,10,Cactus
6.33,17,Dry,15,Cactus
5.48,12,Dry,15,Cactus
6.4,12,Dry,12,Cactus
6.18,0,Dry,11,Cactus
6.48,3,Dry,11,Cactus
5.29,6,Dry,13,Cactus
5.58,3,Dry,12,Cactus
5.91,13,Dry,13,Cactus
5.62,1,Dry,13,Cactus
5.92,18,Dry,15,Cactus
6.06,20,Dry,10,Cactus
5.69,13,Dry,15,Cactus
5.54,11,Dry,15,Cactus
6.07,13,Dry,13,Cactus
6.4,8,Dry,11,Cactus
5.53,17,Dry,10,Cactus
6.43,9,Dry,15,Cactus
6.14,12,Dry,11,Cactus
5.43,11,Dry,11,Cactus
5.52,12,Dry,13,Cactus
5.35,5,Dry,11,Cactus
5.98,7,Dry,15,Cactus
5.91,15,Dry,14,Cactus
6.13,20,Dry,15,Cactus
5.51,20,Dry,15,Cactus
6.01,20,Dry,11,Cactus
6.13,1,Dry,15,Cactus
5.26,17,Dry,13,Cactus
6.31,13,Dry,12,Cactus
5.73,4,Dry,14,Cactus
6.42,6,Dry,11,Cactus
6.07,5,Dry,10,Cactus
6.46,11,Dry,14,Cactus
5.31,7,Dry,10,Cactus
5.86,16,Dry,11,Cactus
5.08,19,Dry,12,Cactus
5.35,18,Dry,15,Cactus
5.06,13,Dry,14,Cactus
5.7,3,Dry,10,Cactus
5.38,18,Dry,11,Cactus
5.15,15,Dry,10,Cactus
6.24,7,Dry,15,Cactus
5.84,3,Dry,15,Cactus
6.42,19,Dry,13,Cactus
6.16,4,Dry,14,Cactus
5.13,13,Dry,11,Cactus
5.25,5,Dry,11,Cactus
5.78,3,Dry,15,Cactus
5.82,7,Dry,14,Cactus
5.65,11,Dry,14,Cactus
6.08,5,Dry,11,Cactus
6.24,11,Dry,12,Cactus
6.23,6,Dry,14,Cactus
5.8,15,Dry,11,Cactus
5.41,0,Dry,14,Cactus
5.55,5,Dry,11,Cactus
5.82,3,Dry,14,Cactus
5.99,20,Dry,15,Cactus
6.05,20,Dry,12,Cactus
5.96,1,Dry,12,Cactus
6.26,10,Dry,14,Cactus
5.63,12,Dry,14,Cactus
5.26,6,Dry,14,Cactus
5.27,12,Dry,15,Cactus
5.73,14,Dry,11,Cactus
6.41,3,Dry,11,Cactus
6.09,1,Dry,10,Cactus
5.67,13,Dry,14,Cactus
5.56,3,Dry,11,Cactus
6.38,13,Dry,14,Cactus
5.93,11,Dry,10,Cactus
5.2,2,Dry,13,Cactus
6.24,18,Dry,11,Cactus
6.1,8,Dry,15,Cactus
5.79,19,Dry,15,Cactus
5.78,4,Dry,15,Cactus
6.12,14,Dry,14,Cactus
5.92,2,Dry,13,Cactus
5.1,3,Dry,10,Cactus
6.37,17,Dry,14,Cactus
6.42,10,Dry,13,Cactus
5.55,13,Dry,10,Cactus
5.13,19,Dry,15,Cactus
6.15,1,Dry,14,Cactus
5.6,19,Dry,14,Cactus
5.06,13,Dry,12,Cactus
6.47,20,Dry,10,Cactus
5.19,14,Dry,14,Cactus
5.19,6,Dry,13,Cactus
5.3,15,Dry,12,Cactus
5.39,7,Dry,13,Cactus
5.72,16,Dry,10,Cactus
5.79,0,Dry,14,Cactus
6.26,17,Dry,14,Cactus
5.5,18,Dry,15,Cactus
5.7,18,Dry,12,Cactus
5.53,14,Dry,15,Cactus
5.3,19,Dry,15,Cactus
5.88,2,Dry,14,Cactus
5.59,20,Dry,15,Cactus
6.2,1,Dry,11,Cactus
6.2,1,Dry,12,Cactus
6.07,6,Dry,14,Cactus
6.04,18,Dry,15,Cactus
5.4,1,Dry,10,Cactus
5.86,17,Dry,13,Cactus
6.29,14,Dry,14,Cactus
5.4,11,Dry,14,Cactus
5.32,19,Dry,13,Cactus
6.19,7,Dry,11,Cactus
6.3,2,Dry,14,Cactus
5.52,20,Dry,13,Cactus
5.18,12,Dry,13,Cactus
5.16,9,Dry,15,Cactus
5.83,1,Dry,14,Cactus
6.36,20,Dry,15,Cactus
5.84,2,Dry,11,Cactus
5.93,12,Dry,11,Cactus
5.19,1,Dry,14,Cactus
5.35,8,Dry,14,Cactus
5.19,1,Dry,13,Cactus
5.86,15,Dry,12,Cactus
5.27,9,Dry,12,Cactus
5.16,0,Dry,10,Cactus
5.22,15,Dry,12,Cactus
6.33,0,Dry,14,Cactus
5.85,19,Dry,14,Cactus
5.71,19,Dry,11,Cactus
6.47,0,Dry,12,Cactus
6.03,9,Dry,13,Cactus
5.4,9,Dry,13,Cactus
5.31,3,Dry,14,Cactus
5.59,0,Dry,10,Cactus
5.79,18,Dry,13,Cactus
5.03,0,Dry,12,Cactus
6.35,14,Dry,13,Cactus
5.14,6,Dry,10,Cactus
5.84,13,Dry,13,Cactus
5.93,1,Dry,11,Cactus
5.74,4,Dry,10,Cactus
5.71,10,Dry,10,Cactus
5.89,12,Dry,14,Cactus
6.3,3,Dry,14,Cactus
5.59,18,Dry,14,Cactus
5.5,20,Dry,11,Cactus
6.19,16,Dry,11,Cactus
5.07,8,Dry,10,Cactus
5.5,13,Dry,12,Cactus
5.51,16,Dry,15,Cactus
5.3,10,Dry,11,Cactus
5.04,8,Dry,11,Cactus
6.02,4,Dry,13,Cactus
5.39,18,Dry,13,Cactus
5.62,11,Dry,10,Cactus
5.38,13,Dry,10,Cactus
5.4,14,Dry,12,Cactus
5.56,18,Dry,10,Cactus
5,15,Dry,13,Cactus
5.12,5,Dry,12,Cactus
5.58,5,Dry,14,Cactus
6.35,19,Dry,13,Cactus
5.11,0,Dry,10,Cactus
5.82,1,Dry,10,Cactus
5.23,2,Dry,13,Cactus
5.68,0,Dry,12,Cactus
6.21,17,Dry,10,Cactus
5.66,19,Dry,15,Cactus
5.01,15,Dry,12,Cactus
5.01,19,Dry,10,Cactus
5.15,0,Dry,14,Cactus
5.35,15,Dry,13,Cactus
5.97,2,Dry,14,Cactus
6.56,50,Sandy Loamy,30,Hibiscus
6.5,52,Sandy Loamy,19,Hibiscus
6.58,46,Loamy,20,Hibiscus
6.59,58,Sandy Loamy,17,Hibiscus
6.57,59,Loamy,29,Hibiscus
6.66,57,Sandy Loamy,18,Hibiscus
6.79,55,Loamy,21,Hibiscus
6.68,57,Sandy Loamy,16,Hibiscus
6.76,60,Sandy Loamy,18,Hibiscus
6.51,52,Loamy,24,Hibiscus
6.65,54,Loamy,25,Hibiscus
6.58,50,Loamy,19,Hibiscus
6.52,55,Loamy,25,Hibiscus
6.53,57,Loamy,20,Hibiscus
6.59,45,Sandy Loamy,16,Hibiscus
6.69,45,Loamy,26,Hibiscus
6.74,47,Loamy,16,Hibiscus
6.79,56,Sandy Loamy,19,Hibiscus
6.73,56,Sandy Loamy,20,Hibiscus
6.54,46,Sandy Loamy,28,Hibiscus
6.51,60,Loamy,23,Hibiscus
6.57,50,Sandy Loamy,20,Hibiscus
6.54,51,Sandy Loamy,20,Hibiscus
6.52,50,Sandy Loamy,24,Hibiscus
6.59,53,Sandy Loamy,18,Hibiscus
6.6,51,Sandy Loamy,26,Hibiscus
6.74,51,Sandy Loamy,21,Hibiscus
6.51,45,Sandy Loamy,21,Hibiscus
6.65,57,Loamy,23,Hibiscus
6.5,51,Loamy,16,Hibiscus
6.57,56,Loamy,24,Hibiscus
6.53,57,Sandy Loamy,16,Hibiscus
6.57,59,Sandy Loamy,22,Hibiscus
6.7,60,Loamy,28,Hibiscus
6.54,53,Loamy,30,Hibiscus
6.79,54,Sandy Loamy,25,Hibiscus
6.58,46,Loamy,18,Hibiscus
6.55,55,Loamy,15,Hibiscus
6.67,54,Sandy Loamy,15,Hibiscus
6.63,45,Loamy,24,Hibiscus
6.78,53,Sandy Loamy,18,Hibiscus
6.64,58,Loamy,26,Hibiscus
6.75,48,Sandy Loamy,22,Hibiscus
6.56,57,Sandy Loamy,18,Hibiscus
6.54,58,Sandy Loamy,28,Hibiscus
6.52,58,Sandy Loamy,25,Hibiscus
6.6,52,Sandy Loamy,16,Hibiscus
6.62,60,Loamy,18,Hibiscus
6.64,48,Sandy Loamy,19,Hibiscus
6.69,46,Sandy Loamy,21,Hibiscus
6.5,50,Loamy,20,Hibiscus
6.59,54,Sandy Loamy,30,Hibiscus
6.76,50,Loamy,23,Hibiscus
6.72,45,Loamy,24,Hibiscus
6.71,57,Sandy Loamy,19,Hibiscus
6.6,53,Sandy Loamy,26,Hibiscus
6.67,51,Sandy Loamy,22,Hibiscus
6.68,46,Sandy Loamy,23,Hibiscus
6.77,55,Loamy,26,Hibiscus
6.75,46,Loamy,21,Hibiscus
6.72,49,Sandy Loamy,18,Hibiscus
6.59,57,Sandy Loamy,22,Hibiscus
6.76,56,Sandy Loamy,21,Hibiscus
6.64,50,Sandy Loamy,23,Hibiscus
6.76,58,Sandy Loamy,24,Hibiscus
6.67,58,Loamy,28,Hibiscus
6.68,50,Loamy,18,Hibiscus
6.72,58,Sandy Loamy,19,Hibiscus
6.62,45,Sandy Loamy,29,Hibiscus
6.67,56,Sandy Loamy,28,Hibiscus
6.73,57,Sandy Loamy,22,Hibiscus
6.69,46,Sandy Loamy,20,Hibiscus
6.56,49,Loamy,15,Hibiscus
6.66,52,Loamy,16,Hibiscus
6.58,45,Loamy,16,Hibiscus
6.64,50,Loamy,20,Hibiscus
6.75,53,Loamy,28,Hibiscus
6.78,56,Sandy Loamy,15,Hibiscus
6.55,53,Sandy Loamy,21,Hibiscus
6.66,47,Sandy Loamy,30,Hibiscus
6.78,55,Sandy Loamy,21,Hibiscus
6.73,53,Loamy,24,Hibiscus
6.53,56,Loamy,29,Hibiscus
6.73,51,Loamy,17,Hibiscus
6.6,53,Loamy,15,Hibiscus
6.68,54,Sandy Loamy,24,Hibiscus
6.68,56,Sandy Loamy,19,Hibiscus
6.79,54,Sandy Loamy,28,Hibiscus
6.66,47,Loamy,24,Hibiscus
6.62,46,Loamy,28,Hibiscus
6.53,54,Loamy,22,Hibiscus
6.58,47,Loamy,28,Hibiscus
6.73,51,Sandy Loamy,24,Hibiscus
6.79,51,Sandy Loamy,22,Hibiscus
6.54,49,Loamy,23,Hibiscus
6.77,48,Sandy Loamy,18,Hibiscus
6.55,58,Sandy Loamy,18,Hibiscus
6.64,59,Loamy,18,Hibiscus
6.61,58,Loamy,15,Hibiscus
6.65,50,Sandy Loamy,17,Hibiscus
6.7,53,Loamy,15,Hibiscus
6.7,58,Sandy Loamy,20,Hibiscus
6.71,59,Sandy Loamy,22,Hibiscus
6.78,53,Sandy Loamy,20,Hibiscus
6.61,46,Sandy Loamy,30,Hibiscus
6.8,52,Loamy,19,Hibiscus
6.59,59,Loamy,20,Hibiscus
6.7,58,Loamy,28,Hibiscus
6.51,46,Loamy,20,Hibiscus
6.6,52,Loamy,27,Hibiscus
6.52,59,Sandy Loamy,20,Hibiscus
6.52,48,Loamy,25,Hibiscus
6.65,51,Loamy,15,Hibiscus
6.74,51,Sandy Loamy,18,Hibiscus
6.59,52,Sandy Loamy,21,Hibiscus
6.78,56,Loamy,16,Hibiscus
6.69,53,Sandy Loamy,20,Hibiscus
6.51,57,Loamy,26,Hibiscus
6.71,53,Sandy Loamy,30,Hibiscus
6.7,60,Loamy,19,Hibiscus
6.5,54,Sandy Loamy,23,Hibiscus
6.8,46,Loamy,19,Hibiscus
6.5,57,Loamy,29,Hibiscus
6.59,57,Loamy,29,Hibiscus
6.74,49,Sandy Loamy,26,Hibiscus
6.56,54,Sandy Loamy,19,Hibiscus
6.77,58,Loamy,24,Hibiscus
6.79,47,Loamy,27,Hibiscus
6.53,53,Loamy,17,Hibiscus
6.66,49,Loamy,24,Hibiscus
6.67,58,Loamy,16,Hibiscus
6.63,54,Loamy,20,Hibiscus
6.63,56,Sandy Loamy,30,Hibiscus
6.53,52,Loamy,30,Hibiscus
6.69,53,Loamy,25,Hibiscus
6.73,56,Sandy Loamy,22,Hibiscus
6.65,48,Sandy Loamy,17,Hibiscus
6.62,51,Sandy Loamy,16,Hibiscus
6.7,46,Loamy,17,Hibiscus
6.72,50,Sandy Loamy,25,Hibiscus
6.79,45,Sandy Loamy,25,Hibiscus
6.52,52,Sandy Loamy,16,Hibiscus
6.56,54,Sandy Loamy,16,Hibiscus
6.54,48,Loamy,23,Hibiscus
6.8,54,Sandy Loamy,20,Hibiscus
6.58,52,Sandy Loamy,16,Hibiscus
6.74,49,Loamy,28,Hibiscus
6.75,55,Loamy,23,Hibiscus
6.51,56,Loamy,30,Hibiscus
6.64,55,Sandy Loamy,25,Hibiscus
6.54,53,Loamy,18,Hibiscus
6.59,45,Loamy,22,Hibiscus
6.6,54,Sandy Loamy,29,Hibiscus
6.68,55,Sandy Loamy,22,Hibiscus
6.73,51,Loamy,19,Hibiscus
6.54,55,Sandy Loamy,26,Hibiscus
6.53,56,Loamy,18,Hibiscus
6.78,48,Loamy,24,Hibiscus
6.54,55,Sandy Loamy,28,Hibiscus
6.67,54,Sandy Loamy,27,Hibiscus
6.6,49,Sandy Loamy,18,Hibiscus
6.5,52,Loamy,15,Hibiscus
6.78,58,Loamy,25,Hibiscus
6.79,60,Loamy,29,Hibiscus
6.56,55,Sandy Loamy,23,Hibiscus
6.77,53,Loamy,22,Hibiscus
6.71,51,Loamy,16,Hibiscus
6.76,59,Sandy Loamy,27,Hibiscus
6.71,59,Loamy,29,Hibiscus
6.7,47,Sandy Loamy,28,Hibiscus
6.61,47,Loamy,23,Hibiscus
6.64,60,Sandy Loamy,25,Hibiscus
6.73,54,Loamy,21,Hibiscus
6.76,58,Loamy,20,Hibiscus
6.55,45,Loamy,24,Hibiscus
6.52,59,Loamy,30,Hibiscus
6.62,52,Sandy Loamy,29,Hibiscus
6.78,50,Sandy Loamy,18,Hibiscus
6.66,51,Sandy Loamy,24,Hibiscus
6.77,45,Loamy,28,Hibiscus
6.52,48,Loamy,21,Hibiscus
6.71,48,Loamy,22,Hibiscus
6.66,59,Sandy Loamy,18,Hibiscus
6.53,46,Loamy,26,Hibiscus
6.78,46,Loamy,24,Hibiscus
6.74,53,Sandy Loamy,28,Hibiscus
6.62,56,Sandy Loamy,30,Hibiscus
6.59,59,Sandy Loamy,16,Hibiscus
6.53,51,Loamy,28,Hibiscus
6.6,58,Loamy,27,Hibiscus
6.55,57,Loamy,23,Hibiscus
6.58,59,Sandy Loamy,28,Hibiscus
6.76,60,Sandy Loamy,24,Hibiscus
6.76,49,Sandy Loamy,27,Hibiscus
6.75,54,Sandy Loamy,19,Hibiscus
6.59,58,Sandy Loamy,20,Hibiscus
6.6,48,Loamy,24,Hibiscus
6.51,55,Loamy,20,Hibiscus
6.67,51,Sandy Loamy,28,Hibiscus
6.74,50,Loamy,17,Hibiscus
6.64,59,Sandy Loamy,19,Hibiscus
6.54,55,Sandy Loamy,21,Hibiscus
6.62,60,Sandy Loamy,29,Hibiscus
6.51,48,Loamy,15,Hibiscus
6.63,60,Sandy Loamy,22,Hibiscus
6.6,59,Loamy,25,Hibiscus
6.76,51,Loamy,16,Hibiscus
6.67,51,Loamy,30,Hibiscus
6.73,52,Loamy,18,Hibiscus
6.51,60,Loamy,26,Hibiscus
6.56,51,Loamy,22,Hibiscus
6.73,59,Loamy,28,Hibiscus
6.58,59,Sandy Loamy,20,Hibiscus
6.77,55,Sandy Loamy,23,Hibiscus
6.62,50,Loamy,22,Hibiscus
6.62,56,Sandy Loamy,30,Hibiscus
6.77,46,Sandy Loamy,22,Hibiscus
6.76,50,Loamy,26,Hibiscus
6.53,54,Sandy Loamy,15,Hibiscus
6.74,58,Sandy Loamy,29,Hibiscus
6.61,57,Sandy Loamy,19,Hibiscus
6.69,55,Sandy Loamy,19,Hibiscus
6.79,48,Loamy,28,Hibiscus
6.78,51,Sandy Loamy,22,Hibiscus
6.59,45,Sandy Loamy,15,Hibiscus
6.7,59,Sandy Loamy,30,Hibiscus
6.74,56,Sandy Loamy,21,Hibiscus
6.78,52,Loamy,21,Hibiscus
6.61,52,Sandy Loamy,26,Hibiscus
6.55,47,Loamy,15,Hibiscus
6.68,60,Loamy,25,Hibiscus
6.79,51,Sandy Loamy,15,Hibiscus
6.76,59,Sandy Loamy,24,Hibiscus
6.65,53,Sandy Loamy,21,Hibiscus
6.78,45,Loamy,23,Hibiscus
6.55,57,Sandy Loamy,28,Hibiscus
6.76,56,Loamy,20,Hibiscus
6.64,56,Sandy Loamy,24,Hibiscus
6.52,55,Sandy Loamy,24,Hibiscus
6.75,46,Sandy Loamy,18,Hibiscus
6.72,53,Sandy Loamy,27,Hibiscus
6.67,50,Sandy Loamy,23,Hibiscus
6.76,60,Loamy,26,Hibiscus
6.63,47,Loamy,29,Hibiscus
6.66,55,Sandy Loamy,22,Hibiscus
6.78,54,Loamy,25,Hibiscus
6.51,50,Sandy Loamy,15,Hibiscus
6.6,50,Loamy,21,Hibiscus
6.63,54,Sandy Loamy,26,Hibiscus
6.65,50,Loamy,25,Hibiscus
6.79,52,Sandy Loamy,20,Hibiscus
6.8,45,Loamy,18,Hibiscus
6.73,49,Sandy Loamy,19,Hibiscus
6.56,47,Loamy,30,Hibiscus
6.65,58,Sandy Loamy,23,Hibiscus
6.68,52,Sandy Loamy,28,Hibiscus
6.5,53,Loamy,22,Hibiscus
6.75,55,Sandy Loamy,22,Hibiscus
6.56,58,Loamy,20,Hibiscus
6.61,60,Loamy,15,Hibiscus
6.59,56,Loamy,30,Hibiscus
6.71,60,Sandy Loamy,23,Hibiscus
6.51,60,Sandy Loamy,15,Hibiscus
6.55,49,Sandy Loamy,27,Hibiscus
6.52,53,Sandy Loamy,16,Hibiscus
6.58,50,Loamy,27,Hibiscus
6.61,50,Loamy,16,Hibiscus
6.53,57,Loamy,20,Hibiscus
6.75,48,Sandy Loamy,19,Hibiscus
6.73,57,Loamy,18,Hibiscus
6.71,50,Loamy,17,Hibiscus
6.53,49,Loamy,17,Hibiscus
6.73,58,Sandy Loamy,27,Hibiscus
6.75,60,Sandy Loamy,28,Hibiscus
6.8,46,Sandy Loamy,19,Hibiscus
6.61,48,Loamy,17,Hibiscus
6.64,45,Sandy Loamy,15,Hibiscus
6.68,55,Sandy Loamy,25,Hibiscus
6.7,52,Sandy Loamy,19,Hibiscus
6.69,57,Sandy Loamy,25,Hibiscus
6.65,57,Sandy Loamy,23,Hibiscus
6.77,56,Sandy Loamy,20,Hibiscus
6.66,49,Sandy Loamy,28,Hibiscus
6.55,46,Sandy Loamy,30,Hibiscus
6.58,45,Sandy Loamy,21,Hibiscus
6.74,59,Sandy Loamy,18,Hibiscus
6.6,51,Loamy,25,Hibiscus
6.56,47,Sandy Loamy,21,Hibiscus
6.68,50,Sandy Loamy,27,Hibiscus
6.76,55,Loamy,16,Hibiscus
6.71,45,Sandy Loamy,16,Hibiscus
6.64,45,Sandy Loamy,17,Hibiscus
6.69,56,Loamy,16,Hibiscus
6.77,48,Loamy,29,Hibiscus
6.63,48,Sandy Loamy,27,Hibiscus
6.57,55,Loamy,26,Hibiscus
6.53,56,Sandy Loamy,28,Hibiscus
6.66,45,Loamy,28,Hibiscus
6.79,56,Sandy Loamy,16,Hibiscus
6.79,51,Sandy Loamy,29,Hibiscus
6.6,45,Loamy,23,Hibiscus
6.56,51,Sandy Loamy,15,Hibiscus
6.71,59,Sandy Loamy,15,Hibiscus
6.71,60,Loamy,20,Hibiscus
6.66,56,Loamy,26,Hibiscus
6.7,46,Loamy,27,Hibiscus
6.78,49,Loamy,19,Hibiscus
6.72,48,Sandy Loamy,30,Hibiscus
6.72,52,Loamy,29,Hibiscus
6.77,46,Loamy,28,Hibiscus
6.71,58,Sandy Loamy,15,Hibiscus
6.73,58,Sandy Loamy,26,Hibiscus
6.68,52,Sandy Loamy,20,Hibiscus
6.64,54,Loamy,15,Hibiscus
6.55,48,Loamy,18,Hibiscus
6.58,49,Loamy,26,Hibiscus
6.6,54,Loamy,23,Hibiscus
6.72,50,Sandy Loamy,16,Hibiscus
6.68,57,Loamy,27,Hibiscus
6.55,55,Sandy Loamy,25,Hibiscus
6.5,56,Sandy Loamy,23,Hibiscus
6.52,55,Loamy,15,Hibiscus
6.55,59,Sandy Loamy,16,Hibiscus
6.78,47,Sandy Loamy,28,Hibiscus
6.57,49,Sandy Loamy,16,Hibiscus
6.67,60,Loamy,22,Hibiscus
6.74,52,Sandy Loamy,16,Hibiscus
6.51,51,Loamy,21,Hibiscus
6.72,55,Loamy,20,Hibiscus
6.62,51,Sandy Loamy,30,Hibiscus
6.62,56,Sandy Loamy,19,Hibiscus
6.76,52,Loamy,15,Hibiscus
6.5,52,Sandy Loamy,21,Hibiscus
6.69,59,Loamy,24,Hibiscus
6.8,51,Sandy Loamy,30,Hibiscus
6.54,51,Sandy Loamy,22,Hibiscus
6.63,58,Loamy,15,Hibiscus
6.71,58,Sandy Loamy,16,Hibiscus
6.53,48,Sandy Loamy,21,Hibiscus
6.67,46,Sandy Loamy,20,Hibiscus
6.74,57,Sandy Loamy,21,Hibiscus
6.66,59,Sandy Loamy,26,Hibiscus
6.74,50,Loamy,20,Hibiscus
6.53,60,Loamy,19,Hibiscus
6.63,58,Loamy,30,Hibiscus
6.63,46,Sandy Loamy,17,Hibiscus
6.62,54,Sandy Loamy,26,Hibiscus
6.61,48,Sandy Loamy,20,Hibiscus
6.52,49,Loamy,24,Hibiscus
6.53,59,Sandy Loamy,20,Hibiscus
6.64,51,Loamy,19,Hibiscus
6.78,45,Loamy,28,Hibiscus
6.75,52,Loamy,26,Hibiscus
6.66,45,Loamy,16,Hibiscus
6.72,51,Sandy Loamy,30,Hibiscus
6.6,46,Sandy Loamy,22,Hibiscus
6.65,47,Loamy,27,Hibiscus
6.58,45,Sandy Loamy,25,Hibiscus
6.57,59,Sandy Loamy,15,Hibiscus
6.75,47,Sandy Loamy,30,Hibiscus
6.52,60,Loamy,24,Hibiscus
6.55,55,Sandy Loamy,30,Hibiscus
6.61,49,Sandy Loamy,19,Hibiscus
6.65,56,Loamy,29,Hibiscus
6.58,59,Loamy,30,Hibiscus
6.63,52,Loamy,27,Hibiscus
6.69,47,Loamy,23,Hibiscus
6.73,59,Sandy Loamy,16,Hibiscus
6.72,60,Sandy Loamy,15,Hibiscus
6.71,57,Loamy,21,Hibiscus
6.71,50,Sandy Loamy,29,Hibiscus
6.54,50,Sandy Loamy,30,Hibiscus
6.52,59,Loamy,25,Hibiscus
6.75,56,Loamy,15,Hibiscus
6.59,51,Loamy,27,Hibiscus
6.58,49,Sandy Loamy,20,Hibiscus
6.75,59,Loamy,23,Hibiscus
6.68,48,Loamy,23,Hibiscus
6.58,49,Loamy,15,Hibiscus
6.63,58,Loamy,22,Hibiscus
6.79,46,Loamy,30,Hibiscus
6.62,60,Sandy Loamy,25,Hibiscus
6.56,51,Loamy,15,Hibiscus
6.65,58,Loamy,25,Hibiscus
6.79,50,Sandy Loamy,28,Hibiscus
6.53,55,Loamy,20,Hibiscus
6.65,58,Loamy,18,Hibiscus
6.8,56,Sandy Loamy,30,Hibiscus
6.7,58,Sandy Loamy,30,Hibiscus
6.61,50,Sandy Loamy,24,Hibiscus
6.78,54,Loamy,18,Hibiscus
6.79,58,Loamy,23,Hibiscus
6.52,48,Sandy Loamy,29,Hibiscus
6.71,54,Loamy,28,Hibiscus
6.6,54,Loamy,25,Hibiscus
6.62,49,Loamy,27,Hibiscus
6.74,49,Loamy,22,Hibiscus
6.76,51,Sandy Loamy,23,Hibiscus
6.55,52,Sandy Loamy,25,Hibiscus
6.74,54,Sandy Loamy,26,Hibiscus
6.55,47,Sandy Loamy,26,Hibiscus
6.78,45,Sandy Loamy,22,Hibiscus
6.6,58,Loamy,25,Hibiscus
6.63,48,Loamy,20,Hibiscus
6.68,58,Sandy Loamy,16,Hibiscus
6.69,54,Sandy Loamy,18,Hibiscus
6.66,48,Sandy Loamy,27,Hibiscus
6.51,46,Sandy Loamy,27,Hibiscus
6.52,49,Sandy Loamy,15,Hibiscus
6.63,56,Sandy Loamy,19,Hibiscus
6.74,50,Sandy Loamy,17,Hibiscus
6.56,55,Loamy,29,Hibiscus
6.69,49,Sandy Loamy,29,Hibiscus
6.66,52,Sandy Loamy,25,Hibiscus
6.59,49,Loamy,28,Hibiscus
6.54,45,Loamy,20,Hibiscus
6.58,55,Sandy Loamy,18,Hibiscus
6.52,57,Sandy Loamy,17,Hibiscus
6.77,59,Sandy Loamy,26,Hibiscus
6.65,49,Loamy,28,Hibiscus
6.79,48,Loamy,24,Hibiscus
6.69,57,Sandy Loamy,27,Hibiscus
6.67,54,Sandy Loamy,16,Hibiscus
6.58,54,Sandy Loamy,24,Hibiscus
6.63,55,Loamy,16,Hibiscus
6.76,51,Sandy Loamy,30,Hibiscus
6.55,53,Sandy Loamy,19,Hibiscus
6.54,57,Loamy,21,Hibiscus
6.62,51,Loamy,28,Hibiscus
6.57,51,Loamy,30,Hibiscus
6.52,58,Sandy Loamy,22,Hibiscus
6.76,59,Sandy Loamy,16,Hibiscus
6.8,54,Loamy,26,Hibiscus
6.75,48,Sandy Loamy,27,Hibiscus
6.71,60,Sandy Loamy,27,Hibiscus
6.7,57,Sandy Loamy,15,Hibiscus
6.57,53,Sandy Loamy,21,Hibiscus
6.56,48,Loamy,21,Hibiscus
6.56,60,Sandy Loamy,27,Hibiscus
6.66,53,Sandy Loamy,15,Hibiscus
6.52,51,Loamy,16,Hibiscus
6.69,56,Sandy Loamy,26,Hibiscus
6.7,48,Loamy,27,Hibiscus
6.56,51,Sandy Loamy,22,Hibiscus
6.57,52,Loamy,24,Hibiscus
6.62,51,Loamy,26,Hibiscus
6.76,46,Sandy Loamy,29,Hibiscus
6.54,60,Loamy,18,Hibiscus
6.66,51,Loamy,19,Hibiscus
6.69,56,Loamy,29,Hibiscus
6.61,58,Loamy,26,Hibiscus
6.73,58,Sandy Loamy,28,Hibiscus
6.66,52,Sandy Loamy,29,Hibiscus
6.73,52,Loamy,28,Hibiscus
6.75,60,Sandy Loamy,17,Hibiscus
6.57,56,Sandy Loamy,25,Hibiscus
6.6,50,Sandy Loamy,22,Hibiscus
6.55,45,Loamy,25,Hibiscus
6.52,47,Loamy,16,Hibiscus
6.68,60,Loamy,17,Hibiscus
6.57,48,Loamy,16,Hibiscus
6.78,45,Sandy Loamy,27,Hibiscus
6.72,59,Loamy,19,Hibiscus
6.5,49,Loamy,26,Hibiscus
6.61,46,Sandy Loamy,21,Hibiscus
6.61,48,Sandy Loamy,18,Hibiscus
6.57,55,Loamy,30,Hibiscus
6.6,58,Loamy,20,Hibiscus
6.59,52,Loamy,16,Hibiscus
6.78,58,Sandy Loamy,29,Hibiscus
6.78,58,Loamy,19,Hibiscus
6.63,52,Sandy Loamy,16,Hibiscus
6.59,58,Sandy Loamy,24,Hibiscus
6.65,57,Sandy Loamy,30,Hibiscus
6.53,58,Loamy,21,Hibiscus
6.72,59,Loamy,22,Hibiscus
6.69,53,Sandy Loamy,24,Hibiscus
6.55,60,Sandy Loamy,15,Hibiscus
6.63,55,Loamy,22,Hibiscus
6.75,53,Loamy,18,Hibiscus
6.6,60,Loamy,17,Hibiscus
6.73,52,Loamy,24,Hibiscus
6.73,49,Loamy,26,Hibiscus
6.74,47,Sandy Loamy,30,Hibiscus
6.52,59,Loamy,30,Hibiscus
6.72,47,Sandy Loamy,25,Hibiscus
6.67,54,Loamy,18,Hibiscus
6.78,59,Sandy Loamy,20,Hibiscus
6.58,53,Sandy Loamy,30,Hibiscus
6.55,59,Sandy Loamy,30,Hibiscus
6.57,47,Sandy Loamy,24,Hibiscus
6.78,47,Loamy,22,Hibiscus
6.53,58,Loamy,29,Hibiscus
6.5,50,Loamy,27,Hibiscus
6.54,48,Loamy,19,Hibiscus
6.63,48,Loamy,16,Hibiscus
6.66,52,Sandy Loamy,25,Hibiscus
6.54,53,Sandy Loamy,26,Hibiscus
6.51,49,Loamy,22,Hibiscus
6.61,45,Loamy,19,Hibiscus
